{
    "MinExtractionRange": 0.5,
    "MaxExtractionRange": 7.0,
    "EnableSubbeam": false,
    "NMSRadius": 0.5,
    "NeighA": 0.1,
    "NeighB": 0.5,
    "BRatio": 4.0,
    "GridSectors": 16.0,
    "ScanAngleMin": 0.0,
    "ScanFOV": 6.28000020980835,
    "ScanNumBeams": 360,
    "ScanRanges": [
        5.3998122215271,
        5.416200637817383,
        5.42064905166626,
        5.439507961273193,
        5.450988292694092,
        5.477853775024414,
        5.476240158081055,
        5.517308235168457,
        5.510639190673828,
        5.560070991516113,
        5.572358131408691,
        5.598112106323242,
        Infinity,
        Infinity,
        Infinity,
        Infinity,
        Infinity,
        Infinity,
        Infinity,
        Infinity,
        Infinity,
        Infinity,
        Infinity,
        Infinity,
        Infinity,
        Infinity,
        Infinity,
        Infinity,
        Infinity,
        Infinity,
        Infinity,
        Infinity,
        Infinity,
        Infinity,
        Infinity,
        Infinity,
        Infinity,
        Infinity,
        Infinity,
        Infinity,
        Infinity,
        10.376884460449219,
        10.228715896606445,
        10.04707145690918,
        9.829773902893066,
        3.343794822692871,
        3.301422595977783,
        3.254581928253174,
        3.211822032928467,
        3.1731231212615967,
        3.1397290229797363,
        3.098240613937378,
        3.0602686405181885,
        3.0379414558410645,
        3.0096678733825684,
        2.962559700012207,
        2.9382824897766113,
        2.9215855598449707,
        2.8720381259918213,
        2.8674519062042236,
        2.83188533782959,
        2.8281543254852295,
        2.7813289165496826,
        2.7706291675567627,
        2.765892267227173,
        2.72286319732666,
        2.7236618995666504,
        2.6983654499053955,
        2.681497573852539,
        2.6775338649749756,
        2.656700611114502,
        2.6527552604675293,
        2.6566197872161865,
        2.626962423324585,
        2.6269516944885254,
        2.6022074222564697,
        2.6129868030548096,
        2.606869697570801,
        2.61179256439209,
        2.5766046047210693,
        2.575800895690918,
        2.575169086456299,
        2.574303150177002,
        2.577207565307617,
        2.5786361694335938,
        2.5634052753448486,
        2.5408074855804443,
        2.571052312850952,
        2.609295129776001,
        2.5898640155792236,
        2.598351240158081,
        2.5994014739990234,
        2.594376564025879,
        2.623337745666504,
        2.6251916885375977,
        2.6103885173797607,
        2.6597650051116943,
        2.641207695007324,
        2.6549148559570312,
        2.6655023097991943,
        2.688694953918457,
        2.6668879985809326,
        2.7023489475250244,
        2.7331838607788086,
        2.7298033237457275,
        2.7654948234558105,
        2.7672839164733887,
        2.7940053939819336,
        2.8409841060638428,
        2.828460216522217,
        2.855652332305908,
        2.8634955883026123,
        2.8975327014923096,
        2.9352710247039795,
        2.9615044593811035,
        3.0106446743011475,
        3.01998233795166,
        3.0384113788604736,
        3.1100356578826904,
        3.1330976486206055,
        3.1797587871551514,
        3.2181169986724854,
        3.251096248626709,
        3.2963287830352783,
        3.333117723464966,
        3.417529344558716,
        3.4519600868225098,
        3.495522975921631,
        3.554331064224243,
        3.620030164718628,
        3.7008700370788574,
        3.775517702102661,
        3.839236259460449,
        3.9157309532165527,
        3.9546773433685303,
        3.8887274265289307,
        3.8568992614746094,
        3.794329881668091,
        3.728131055831909,
        3.7025322914123535,
        3.650592565536499,
        3.602369785308838,
        3.555082321166992,
        3.4952657222747803,
        3.4692094326019287,
        3.450129508972168,
        3.4043960571289062,
        3.3886609077453613,
        3.53342866897583,
        6.0971221923828125,
        6.251074314117432,
        6.592274188995361,
        6.781283378601074,
        7.0107421875,
        7.49622106552124,
        7.75040864944458,
        8.04200267791748,
        Infinity,
        Infinity,
        Infinity,
        Infinity,
        Infinity,
        Infinity,
        Infinity,
        10.198315620422363,
        10.185263633728027,
        10.151443481445312,
        10.132293701171875,
        10.129121780395508,
        10.085357666015625,
        10.084949493408203,
        10.080917358398438,
        10.066049575805664,
        10.048844337463379,
        10.038865089416504,
        10.04410457611084,
        10.055044174194336,
        10.057389259338379,
        10.07227897644043,
        10.09074878692627,
        10.103438377380371,
        10.109153747558594,
        10.136592864990234,
        10.168573379516602,
        10.184615135192871,
        10.225423812866211,
        10.267462730407715,
        10.306611061096191,
        10.338698387145996,
        10.39106559753418,
        10.415122985839844,
        10.481290817260742,
        Infinity,
        Infinity,
        Infinity,
        Infinity,
        Infinity,
        10.189227104187012,
        9.855316162109375,
        9.558115005493164,
        9.29572582244873,
        8.770959854125977,
        8.560258865356445,
        8.34473991394043,
        7.9579033851623535,
        7.809864521026611,
        7.634418487548828,
        7.3560004234313965,
        7.216437339782715,
        6.968438148498535,
        6.837021827697754,
        6.638505458831787,
        6.529876232147217,
        6.375851631164551,
        3.319868803024292,
        3.2385311126708984,
        3.1672263145446777,
        3.0913116931915283,
        3.0634028911590576,
        3.019134521484375,
        2.947826862335205,
        2.8918612003326416,
        2.847867727279663,
        2.8160958290100098,
        2.7696914672851562,
        2.7038161754608154,
        2.675194501876831,
        2.649815082550049,
        2.676384210586548,
        2.7428364753723145,
        2.8472118377685547,
        2.9413230419158936,
        2.9672393798828125,
        3.063019275665283,
        3.1600637435913086,
        3.2717478275299072,
        3.3698201179504395,
        3.4917993545532227,
        3.5505530834198,
        3.7347412109375,
        3.858276605606079,
        Infinity,
        10.056783676147461,
        10.330707550048828,
        Infinity,
        Infinity,
        Infinity,
        Infinity,
        Infinity,
        6.788905620574951,
        6.636100769042969,
        6.5430684089660645,
        6.397591590881348,
        6.202288627624512,
        6.0982666015625,
        5.985316753387451,
        5.893035888671875,
        5.798664093017578,
        5.6135101318359375,
        5.535865306854248,
        5.446165084838867,
        5.385376930236816,
        5.300790309906006,
        5.23110818862915,
        5.147408962249756,
        5.0383710861206055,
        4.959456920623779,
        4.921345233917236,
        4.856828689575195,
        4.797232151031494,
        4.755858421325684,
        4.695922374725342,
        4.649561405181885,
        4.580483436584473,
        4.544828414916992,
        4.497300624847412,
        4.44971227645874,
        4.439579963684082,
        4.395150661468506,
        4.353278160095215,
        4.30255126953125,
        4.260929584503174,
        4.2465972900390625,
        4.208193302154541,
        4.1959123611450195,
        4.1886210441589355,
        4.143239974975586,
        4.12342643737793,
        4.118465900421143,
        4.071970462799072,
        4.0707550048828125,
        4.048495769500732,
        4.046763896942139,
        4.04634428024292,
        4.012343406677246,
        4.00284481048584,
        3.986177921295166,
