{
    "MinExtractionRange": 0.5,
    "MaxExtractionRange": 10.0,
    "EnableSubbeam": false,
    "NMSRadius": 0.3,
    "NeighA": 0.3,
    "NeighB": 0.1,
    "BRatio": 2.5,
    "GridSectors": 16.0,
    "MinScoreTh": 50.0,
    "ScanAngleMin": 0.0,
    "ScanFOV": 6.28000020980835,
    "ScanNumBeams": 360,
    "ScanRanges": [
        5.182990074157715,
        5.3352274894714355,
        5.391757488250732,
        5.429954528808594,
        5.390166282653809,
        5.353574275970459,
        5.360659599304199,
        5.347449779510498,
        5.312057971954346,
        5.271369934082031,
        5.275379657745361,
        5.248032093048096,
        5.22732400894165,
        5.2161455154418945,
        5.219245433807373,
        5.203558444976807,
        5.206248760223389,
        5.20808219909668,
        5.196236610412598,
        5.189364433288574,
        5.1812028884887695,
        5.1783294677734375,
        5.188275337219238,
        5.203819274902344,
        5.183523178100586,
        5.210734844207764,
        5.200075149536133,
        5.215592384338379,
        5.2264323234558105,
        5.270003318786621,
        5.255061149597168,
        5.286080360412598,
        5.294002056121826,
        5.3114213943481445,
        5.359991550445557,
        5.355502605438232,
        5.393057823181152,
        5.411072731018066,
        5.430253505706787,
        5.482957363128662,
        5.535040378570557,
        5.551218509674072,
        5.576809883117676,
        5.622106552124023,
        5.685304641723633,
        5.739059925079346,
        5.7744011878967285,
        5.8157548904418945,
        5.856062412261963,
        1.4587665796279907,
        1.4192448854446411,
        1.3834059238433838,
        1.3326870203018188,
        1.3350199460983276,
        1.3518425226211548,
        1.3954925537109375,
        1.4135483503341675,
        1.4168610572814941,
        1.459323763847351,
        1.441956639289856,
        1.472967505455017,
        1.4866105318069458,
        1.5239923000335693,
        1.5533020496368408,
        1.565407633781433,
        1.581480622291565,
        1.6208144426345825,
        1.6663049459457397,
        1.6906338930130005,
        1.7064684629440308,
        1.7553048133850098,
        1.812273621559143,
        1.841170072555542,
        1.8839569091796875,
        1.9196852445602417,
        1.9993138313293457,
        2.0136332511901855,
        2.0833020210266113,
        2.1239945888519287,
        2.1646931171417236,
        2.249403715133667,
        2.3627355098724365,
        2.436448812484741,
        2.5099403858184814,
        2.581796407699585,
        2.6643025875091553,
        2.749070167541504,
        2.842897653579712,
        2.9617204666137695,
        3.2171616554260254,
        3.344851493835449,
        3.5016252994537354,
        3.669196844100952,
        3.862032890319824,
        4.060657501220703,
        4.280592441558838,
        4.556417465209961,
        5.179044723510742,
        5.540339469909668,
        5.495239734649658,
        5.512134552001953,
        5.46887731552124,
        5.4744977951049805,
        5.445547580718994,
        5.461765289306641,
        5.450806140899658,
        5.439392566680908,
        5.424279689788818,
        5.439223289489746,
        5.425027847290039,
        5.414523124694824,
        5.415614604949951,
        5.443781852722168,
        5.433358669281006,
        5.448214530944824,
        5.451030254364014,
        5.449656009674072,
        5.465800762176514,
        5.488659858703613,
        5.48564338684082,
        5.514520168304443,
        5.5051069259643555,
        5.545991897583008,
        5.568088531494141,
        5.582302570343018,
        5.619406700134277,
        5.654764175415039,
        5.66859769821167,
        5.6988525390625,
        5.742273807525635,
        5.791123390197754,
        5.830084323883057,
        5.857202529907227,
        5.905467510223389,
        5.954442024230957,
        5.989436626434326,
        6.044168472290039,
        6.101253986358643,
        6.159962177276611,
        6.196681976318359,
        6.237397193908691,
        6.314452171325684,
        6.421106338500977,
        6.483494758605957,
        6.5775980949401855,
        6.622763156890869,
        6.720064640045166,
        6.762506008148193,
        6.884332180023193,
        7.030050277709961,
        7.091522216796875,
        7.259836196899414,
        7.326441764831543,
        7.4200592041015625,
        7.2652692794799805,
        7.177768230438232,
        7.099381923675537,
        6.949082374572754,
        6.8249030113220215,
        6.746614456176758,
        6.605278491973877,
        6.539910793304443,
        6.438633918762207,
        6.363508224487305,
        6.248507022857666,
        6.185135364532471,
        6.2374186515808105,
        6.385929584503174,
        6.53578519821167,
        6.868483066558838,
        7.056893825531006,
        7.186557292938232,
        7.372518539428711,
        7.614199161529541,
        7.827119827270508,
        7.8839874267578125,
        7.840317726135254,
        7.721072196960449,
        7.695266246795654,
        7.624373912811279,
        7.6044206619262695,
        7.551501274108887,
        7.515843868255615,
        7.481105327606201,
        7.434018611907959,
        7.372353553771973,
        7.365632057189941,
        7.312063694000244,
        7.300751209259033,
        7.291604042053223,
        7.240725517272949,
        7.234755992889404,
        7.198957443237305,
        7.193413734436035,
        7.168503761291504,
        7.168581008911133,
        7.17800235748291,
        7.152545928955078,
        9.954668998718262,
        9.954838752746582,
        9.935639381408691,
        9.945716857910156,
        9.935471534729004,
        9.955389976501465,
        9.982512474060059,
        9.992658615112305,
        10.024215698242188,
        10.036798477172852,
        10.056536674499512,
        10.088966369628906,
        10.111916542053223,
        9.865629196166992,
        9.890109062194824,
        10.254559516906738,
        10.26107406616211,
        10.307612419128418,
        10.378496170043945,
        10.442547798156738,
        10.46094036102295,
        2.4897069931030273,
        2.3739571571350098,
        2.3798468112945557,
        2.409044027328491,
        2.4048612117767334,
        2.440905809402466,
        2.469330310821533,
        2.497288703918457,
        2.515066623687744,
        2.5440688133239746,
        2.5770740509033203,
        2.5898234844207764,
        2.6074020862579346,
        2.6468920707702637,
        2.647965908050537,
        2.6887340545654297,
        2.753811836242676,
        2.777228593826294,
        2.808711290359497,
        2.8329081535339355,
        2.824303150177002,
        2.826277494430542,
        2.9072227478027344,
        2.9210503101348877,
        2.9919345378875732,
        3.014775276184082,
        3.0836586952209473,
        3.1516997814178467,
        3.2784745693206787,
        3.350498914718628,
        3.455329418182373,
        3.484285593032837,
        3.5727458000183105,
        3.6268932819366455,
        3.763340711593628,
        3.838345527648926,
        3.92526912689209,
        4.012012958526611,
        4.103065013885498,
        4.309432029724121,
        4.426541328430176,
        4.544608116149902,
        4.668854236602783,
        4.790940284729004,
        4.936792373657227,
        5.075223922729492,
        5.43812370300293,
        5.6432905197143555,
        5.853695869445801,
        6.0821733474731445,
        6.358485221862793,
        6.601700305938721,
        6.901998043060303,
        7.241100788116455,
        8.02393913269043,
        8.462129592895508,
        8.038530349731445,
        8.025952339172363,
        7.998847484588623,
        7.9584126472473145,
        7.9672651290893555,
        7.709760665893555,
